Run_ID,Param_strategy_seed,Param_wedges,Param_radius,Param_use_jitter,Param_jitter_amount,Param_use_zones,Metric_node_count,Metric_edge_count,Metric_dead_ends,Metric_corridors,Metric_intersections
0,,3,2,true,0.0,true,10,36,0,0,10
1,,3,2,true,0.10000000000582,true,10,36,0,0,10
2,,3,2,true,0.20000000001164,true,10,36,0,0,10
3,,3,2,true,0.30000000001746,true,10,36,0,0,10
4,,3,2,true,0.40000000002328,true,10,36,0,0,10
5,,3,2,true,0.5000000000291,true,10,36,0,0,10
6,,3,2,true,0.60000000003492,true,10,36,0,0,10
7,,3,2,true,0.70000000004075,true,10,36,0,0,10
8,,3,2,true,0.80000000004657,true,10,36,0,0,10
9,,3,2,true,0.90000000005239,true,10,36,0,0,10
10,,3,2,true,1.00000000005821,true,10,36,0,0,10
11,,3,2,true,1.10000000006403,true,10,36,0,0,10
12,,3,2,true,1.20000000006985,true,10,36,0,0,10
13,,3,2,true,1.30000000007567,true,10,36,0,0,10
14,,3,2,true,1.40000000008149,true,10,36,0,0,10
15,,3,2,true,1.50000000008731,true,10,36,0,0,10
16,,3,2,true,1.60000000009313,true,10,36,0,0,10
17,,3,2,true,1.70000000009895,true,10,36,0,0,10
18,,3,2,true,1.80000000010477,true,10,36,0,0,10
19,,3,2,true,1.90000000011059,true,10,36,0,0,10
20,,3,2,true,2.00000000011642,true,10,36,0,0,10
21,,3,2,true,2.10000000012224,true,10,36,0,0,10
22,,3,2,true,2.20000000012806,true,10,36,0,0,10
23,,3,2,true,2.30000000013388,true,10,36,0,0,10
24,,3,2,true,2.4000000001397,true,10,36,0,0,10
25,,3,2,true,2.50000000014552,true,10,36,0,0,10
26,,3,2,true,2.60000000015134,true,10,36,0,0,10
27,,3,2,true,2.70000000015716,true,10,36,0,0,10
28,,3,2,true,2.80000000016298,true,10,36,0,0,10
29,,3,2,true,2.9000000001688,true,10,36,0,0,10
30,,3,2,true,3.00000000017462,true,10,36,0,0,10
31,,3,2,true,3.10000000018044,true,10,36,0,0,10
32,,3,2,true,3.20000000018626,true,10,36,0,0,10
33,,3,2,true,3.30000000019209,true,10,36,0,0,10
34,,3,2,true,3.40000000019791,true,10,36,0,0,10
35,,3,2,true,3.50000000020373,true,10,36,0,0,10
36,,3,2,true,3.60000000020955,true,10,36,0,0,10
37,,3,2,true,3.70000000021537,true,10,36,0,0,10
38,,3,2,true,3.80000000022119,true,10,36,0,0,10
39,,3,2,true,3.90000000022701,true,10,36,0,0,10
40,,3,2,true,4.00000000023283,true,10,36,0,0,10
41,,3,2,true,4.10000000023865,true,10,36,0,0,10
42,,3,2,true,4.20000000024447,true,10,36,0,0,10
43,,3,2,true,4.30000000025029,true,10,36,0,0,10
44,,3,2,true,4.40000000025611,true,10,36,0,0,10
45,,3,2,true,4.50000000026193,true,10,36,0,0,10
46,,3,2,true,4.60000000026776,true,10,36,0,0,10
47,,3,2,true,4.70000000027358,true,10,36,0,0,10
48,,3,2,true,4.8000000002794,true,10,36,0,0,10
49,,3,2,true,4.90000000028522,true,10,36,0,0,10
50,,3,2,true,5.00000000029104,true,10,36,0,0,10
51,,3,3,true,0.0,true,19,78,0,0,19
52,,3,3,true,0.10000000000582,true,19,78,0,0,19
53,,3,3,true,0.20000000001164,true,19,78,0,0,19
54,,3,3,true,0.30000000001746,true,19,78,0,0,19
55,,3,3,true,0.40000000002328,true,19,78,0,0,19
56,,3,3,true,0.5000000000291,true,19,78,0,0,19
57,,3,3,true,0.60000000003492,true,19,78,0,0,19
58,,3,3,true,0.70000000004075,true,19,78,0,0,19
59,,3,3,true,0.80000000004657,true,19,78,0,0,19
60,,3,3,true,0.90000000005239,true,19,78,0,0,19
61,,3,3,true,1.00000000005821,true,19,78,0,0,19
62,,3,3,true,1.10000000006403,true,19,78,0,0,19
63,,3,3,true,1.20000000006985,true,19,78,0,0,19
64,,3,3,true,1.30000000007567,true,19,78,0,0,19
65,,3,3,true,1.40000000008149,true,19,78,0,0,19
66,,3,3,true,1.50000000008731,true,19,78,0,0,19
67,,3,3,true,1.60000000009313,true,19,78,0,0,19
68,,3,3,true,1.70000000009895,true,19,78,0,0,19
69,,3,3,true,1.80000000010477,true,19,78,0,0,19
70,,3,3,true,1.90000000011059,true,19,78,0,0,19
71,,3,3,true,2.00000000011642,true,19,78,0,0,19
72,,3,3,true,2.10000000012224,true,19,78,0,0,19
73,,3,3,true,2.20000000012806,true,19,78,0,0,19
74,,3,3,true,2.30000000013388,true,19,78,0,0,19
75,,3,3,true,2.4000000001397,true,19,78,0,0,19
76,,3,3,true,2.50000000014552,true,19,78,0,0,19
77,,3,3,true,2.60000000015134,true,19,78,0,0,19
78,,3,3,true,2.70000000015716,true,19,78,0,0,19
79,,3,3,true,2.80000000016298,true,19,78,0,0,19
80,,3,3,true,2.9000000001688,true,19,78,0,0,19
81,,3,3,true,3.00000000017462,true,19,78,0,0,19
82,,3,3,true,3.10000000018044,true,19,78,0,0,19
83,,3,3,true,3.20000000018626,true,19,78,0,0,19
84,,3,3,true,3.30000000019209,true,19,78,0,0,19
85,,3,3,true,3.40000000019791,true,19,78,0,0,19
86,,3,3,true,3.50000000020373,true,19,78,0,0,19
87,,3,3,true,3.60000000020955,true,19,78,0,0,19
88,,3,3,true,3.70000000021537,true,19,78,0,0,19
89,,3,3,true,3.80000000022119,true,19,78,0,0,19
90,,3,3,true,3.90000000022701,true,19,78,0,0,19
91,,3,3,true,4.00000000023283,true,19,78,0,0,19
92,,3,3,true,4.10000000023865,true,19,78,0,0,19
93,,3,3,true,4.20000000024447,true,19,78,0,0,19
94,,3,3,true,4.30000000025029,true,19,78,0,0,19
95,,3,3,true,4.40000000025611,true,19,78,0,0,19
96,,3,3,true,4.50000000026193,true,19,78,0,0,19
97,,3,3,true,4.60000000026776,true,19,78,0,0,19
98,,3,3,true,4.70000000027358,true,19,78,0,0,19
99,,3,3,true,4.8000000002794,true,19,78,0,0,19
100,,3,3,true,4.90000000028522,true,19,78,0,0,19
101,,3,3,true,5.00000000029104,true,19,78,0,0,19
102,,3,4,true,0.0,true,31,138,0,0,31
103,,3,4,true,0.10000000000582,true,31,138,0,0,31
104,,3,4,true,0.20000000001164,true,31,138,0,0,31
105,,3,4,true,0.30000000001746,true,31,138,0,0,31
106,,3,4,true,0.40000000002328,true,31,138,0,0,31
107,,3,4,true,0.5000000000291,true,31,138,0,0,31
108,,3,4,true,0.60000000003492,true,31,138,0,0,31
109,,3,4,true,0.70000000004075,true,31,138,0,0,31
110,,3,4,true,0.80000000004657,true,31,138,0,0,31
111,,3,4,true,0.90000000005239,true,31,138,0,0,31
112,,3,4,true,1.00000000005821,true,31,138,0,0,31
113,,3,4,true,1.10000000006403,true,31,138,0,0,31
114,,3,4,true,1.20000000006985,true,31,138,0,0,31
115,,3,4,true,1.30000000007567,true,31,138,0,0,31
116,,3,4,true,1.40000000008149,true,31,138,0,0,31
117,,3,4,true,1.50000000008731,true,31,138,0,0,31
118,,3,4,true,1.60000000009313,true,31,138,0,0,31
119,,3,4,true,1.70000000009895,true,31,138,0,0,31
120,,3,4,true,1.80000000010477,true,31,138,0,0,31
121,,3,4,true,1.90000000011059,true,31,138,0,0,31
122,,3,4,true,2.00000000011642,true,31,138,0,0,31
123,,3,4,true,2.10000000012224,true,31,138,0,0,31
124,,3,4,true,2.20000000012806,true,31,138,0,0,31
125,,3,4,true,2.30000000013388,true,31,138,0,0,31
126,,3,4,true,2.4000000001397,true,31,138,0,0,31
127,,3,4,true,2.50000000014552,true,31,138,0,0,31
128,,3,4,true,2.60000000015134,true,31,138,0,0,31
129,,3,4,true,2.70000000015716,true,31,138,0,0,31
130,,3,4,true,2.80000000016298,true,31,138,0,0,31
131,,3,4,true,2.9000000001688,true,31,138,0,0,31
132,,3,4,true,3.00000000017462,true,31,138,0,0,31
133,,3,4,true,3.10000000018044,true,31,138,0,0,31
134,,3,4,true,3.20000000018626,true,31,138,0,0,31
135,,3,4,true,3.30000000019209,true,31,138,0,0,31
136,,3,4,true,3.40000000019791,true,31,138,0,0,31
137,,3,4,true,3.50000000020373,true,31,138,0,0,31
138,,3,4,true,3.60000000020955,true,31,138,0,0,31
139,,3,4,true,3.70000000021537,true,31,138,0,0,31
140,,3,4,true,3.80000000022119,true,31,138,0,0,31
141,,3,4,true,3.90000000022701,true,31,138,0,0,31
142,,3,4,true,4.00000000023283,true,31,138,0,0,31
143,,3,4,true,4.10000000023865,true,31,138,0,0,31
144,,3,4,true,4.20000000024447,true,31,138,0,0,31
145,,3,4,true,4.30000000025029,true,31,138,0,0,31
146,,3,4,true,4.40000000025611,true,31,138,0,0,31
147,,3,4,true,4.50000000026193,true,31,138,0,0,31
148,,3,4,true,4.60000000026776,true,31,138,0,0,31
149,,3,4,true,4.70000000027358,true,31,138,0,0,31
150,,3,4,true,4.8000000002794,true,31,138,0,0,31
151,,3,4,true,4.90000000028522,true,31,138,0,0,31
152,,3,4,true,5.00000000029104,true,31,138,0,0,31
153,,3,5,true,0.0,true,46,216,0,0,46
154,,3,5,true,0.10000000000582,true,46,216,0,0,46
155,,3,5,true,0.20000000001164,true,46,216,0,0,46
156,,3,5,true,0.30000000001746,true,46,216,0,0,46
157,,3,5,true,0.40000000002328,true,46,216,0,0,46
158,,3,5,true,0.5000000000291,true,46,216,0,0,46
159,,3,5,true,0.60000000003492,true,46,216,0,0,46
160,,3,5,true,0.70000000004075,true,46,216,0,0,46
161,,3,5,true,0.80000000004657,true,46,216,0,0,46
162,,3,5,true,0.90000000005239,true,46,216,0,0,46
163,,3,5,true,1.00000000005821,true,46,216,0,0,46
164,,3,5,true,1.10000000006403,true,46,216,0,0,46
165,,3,5,true,1.20000000006985,true,46,216,0,0,46
166,,3,5,true,1.30000000007567,true,46,216,0,0,46
167,,3,5,true,1.40000000008149,true,46,216,0,0,46
168,,3,5,true,1.50000000008731,true,46,216,0,0,46
169,,3,5,true,1.60000000009313,true,46,216,0,0,46
170,,3,5,true,1.70000000009895,true,46,216,0,0,46
171,,3,5,true,1.80000000010477,true,46,216,0,0,46
172,,3,5,true,1.90000000011059,true,46,216,0,0,46
173,,3,5,true,2.00000000011642,true,46,216,0,0,46
174,,3,5,true,2.10000000012224,true,46,216,0,0,46
175,,3,5,true,2.20000000012806,true,46,216,0,0,46
176,,3,5,true,2.30000000013388,true,46,216,0,0,46
177,,3,5,true,2.4000000001397,true,46,216,0,0,46
178,,3,5,true,2.50000000014552,true,46,216,0,0,46
179,,3,5,true,2.60000000015134,true,46,216,0,0,46
180,,3,5,true,2.70000000015716,true,46,216,0,0,46
181,,3,5,true,2.80000000016298,true,46,216,0,0,46
182,,3,5,true,2.9000000001688,true,46,216,0,0,46
183,,3,5,true,3.00000000017462,true,46,216,0,0,46
184,,3,5,true,3.10000000018044,true,46,216,0,0,46
185,,3,5,true,3.20000000018626,true,46,216,0,0,46
186,,3,5,true,3.30000000019209,true,46,216,0,0,46
187,,3,5,true,3.40000000019791,true,46,216,0,0,46
188,,3,5,true,3.50000000020373,true,46,216,0,0,46
189,,3,5,true,3.60000000020955,true,46,216,0,0,46
190,,3,5,true,3.70000000021537,true,46,216,0,0,46
191,,3,5,true,3.80000000022119,true,46,216,0,0,46
192,,3,5,true,3.90000000022701,true,46,216,0,0,46
193,,3,5,true,4.00000000023283,true,46,216,0,0,46
194,,3,5,true,4.10000000023865,true,46,216,0,0,46
195,,3,5,true,4.20000000024447,true,46,216,0,0,46
196,,3,5,true,4.30000000025029,true,46,216,0,0,46
197,,3,5,true,4.40000000025611,true,46,216,0,0,46
198,,3,5,true,4.50000000026193,true,46,216,0,0,46
199,,3,5,true,4.60000000026776,true,46,216,0,0,46
200,,3,5,true,4.70000000027358,true,46,216,0,0,46
201,,3,5,true,4.8000000002794,true,46,216,0,0,46
202,,3,5,true,4.90000000028522,true,46,216,0,0,46
203,,3,5,true,5.00000000029104,true,46,216,0,0,46
204,,3,6,true,0.0,true,64,312,0,0,64
205,,3,6,true,0.10000000000582,true,64,312,0,0,64
206,,3,6,true,0.20000000001164,true,64,312,0,0,64
207,,3,6,true,0.30000000001746,true,64,312,0,0,64
208,,3,6,true,0.40000000002328,true,64,312,0,0,64
209,,3,6,true,0.5000000000291,true,64,312,0,0,64
210,,3,6,true,0.60000000003492,true,64,312,0,0,64
211,,3,6,true,0.70000000004075,true,64,312,0,0,64
212,,3,6,true,0.80000000004657,true,64,312,0,0,64
213,,3,6,true,0.90000000005239,true,64,312,0,0,64
214,,3,6,true,1.00000000005821,true,64,312,0,0,64
215,,3,6,true,1.10000000006403,true,64,312,0,0,64
216,,3,6,true,1.20000000006985,true,64,312,0,0,64
217,,3,6,true,1.30000000007567,true,64,312,0,0,64
218,,3,6,true,1.40000000008149,true,64,312,0,0,64
219,,3,6,true,1.50000000008731,true,64,312,0,0,64
220,,3,6,true,1.60000000009313,true,64,312,0,0,64
221,,3,6,true,1.70000000009895,true,64,312,0,0,64
222,,3,6,true,1.80000000010477,true,64,312,0,0,64
223,,3,6,true,1.90000000011059,true,64,312,0,0,64
224,,3,6,true,2.00000000011642,true,64,312,0,0,64
225,,3,6,true,2.10000000012224,true,64,312,0,0,64
226,,3,6,true,2.20000000012806,true,64,312,0,0,64
227,,3,6,true,2.30000000013388,true,64,312,0,0,64
228,,3,6,true,2.4000000001397,true,64,312,0,0,64
229,,3,6,true,2.50000000014552,true,64,312,0,0,64
230,,3,6,true,2.60000000015134,true,64,312,0,0,64
231,,3,6,true,2.70000000015716,true,64,312,0,0,64
232,,3,6,true,2.80000000016298,true,64,312,0,0,64
233,,3,6,true,2.9000000001688,true,64,312,0,0,64
234,,3,6,true,3.00000000017462,true,64,312,0,0,64
235,,3,6,true,3.10000000018044,true,64,312,0,0,64
236,,3,6,true,3.20000000018626,true,64,312,0,0,64
237,,3,6,true,3.30000000019209,true,64,312,0,0,64
238,,3,6,true,3.40000000019791,true,64,312,0,0,64
239,,3,6,true,3.50000000020373,true,64,312,0,0,64
240,,3,6,true,3.60000000020955,true,64,312,0,0,64
241,,3,6,true,3.70000000021537,true,64,312,0,0,64
242,,3,6,true,3.80000000022119,true,64,312,0,0,64
243,,3,6,true,3.90000000022701,true,64,312,0,0,64
244,,3,6,true,4.00000000023283,true,64,312,0,0,64
245,,3,6,true,4.10000000023865,true,64,312,0,0,64
246,,3,6,true,4.20000000024447,true,64,312,0,0,64
247,,3,6,true,4.30000000025029,true,64,312,0,0,64
248,,3,6,true,4.40000000025611,true,64,312,0,0,64
249,,3,6,true,4.50000000026193,true,64,312,0,0,64
250,,3,6,true,4.60000000026776,true,64,312,0,0,64
251,,3,6,true,4.70000000027358,true,64,312,0,0,64
252,,3,6,true,4.8000000002794,true,64,312,0,0,64
253,,3,6,true,4.90000000028522,true,64,312,0,0,64
254,,3,6,true,5.00000000029104,true,64,312,0,0,64
255,,3,7,true,0.0,true,85,426,0,0,85
256,,3,7,true,0.10000000000582,true,85,426,0,0,85
257,,3,7,true,0.20000000001164,true,85,426,0,0,85
258,,3,7,true,0.30000000001746,true,85,426,0,0,85
259,,3,7,true,0.40000000002328,true,85,426,0,0,85
260,,3,7,true,0.5000000000291,true,85,426,0,0,85
261,,3,7,true,0.60000000003492,true,85,426,0,0,85
262,,3,7,true,0.70000000004075,true,85,426,0,0,85
263,,3,7,true,0.80000000004657,true,85,426,0,0,85
264,,3,7,true,0.90000000005239,true,85,426,0,0,85
265,,3,7,true,1.00000000005821,true,85,426,0,0,85
266,,3,7,true,1.10000000006403,true,85,426,0,0,85
267,,3,7,true,1.20000000006985,true,85,426,0,0,85
268,,3,7,true,1.30000000007567,true,85,426,0,0,85
269,,3,7,true,1.40000000008149,true,85,426,0,0,85
270,,3,7,true,1.50000000008731,true,85,426,0,0,85
271,,3,7,true,1.60000000009313,true,85,426,0,0,85
272,,3,7,true,1.70000000009895,true,85,426,0,0,85
273,,3,7,true,1.80000000010477,true,85,426,0,0,85
274,,3,7,true,1.90000000011059,true,85,426,0,0,85
275,,3,7,true,2.00000000011642,true,85,426,0,0,85
276,,3,7,true,2.10000000012224,true,85,426,0,0,85
277,,3,7,true,2.20000000012806,true,85,426,0,0,85
278,,3,7,true,2.30000000013388,true,85,426,0,0,85
279,,3,7,true,2.4000000001397,true,85,426,0,0,85
280,,3,7,true,2.50000000014552,true,85,426,0,0,85
281,,3,7,true,2.60000000015134,true,85,426,0,0,85
282,,3,7,true,2.70000000015716,true,85,426,0,0,85
283,,3,7,true,2.80000000016298,true,85,426,0,0,85
284,,3,7,true,2.9000000001688,true,85,426,0,0,85
285,,3,7,true,3.00000000017462,true,85,426,0,0,85
286,,3,7,true,3.10000000018044,true,85,426,0,0,85
287,,3,7,true,3.20000000018626,true,85,426,0,0,85
288,,3,7,true,3.30000000019209,true,85,426,0,0,85
289,,3,7,true,3.40000000019791,true,85,426,0,0,85
290,,3,7,true,3.50000000020373,true,85,426,0,0,85
291,,3,7,true,3.60000000020955,true,85,426,0,0,85
292,,3,7,true,3.70000000021537,true,85,426,0,0,85
293,,3,7,true,3.80000000022119,true,85,426,0,0,85
294,,3,7,true,3.90000000022701,true,85,426,0,0,85
295,,3,7,true,4.00000000023283,true,85,426,0,0,85
296,,3,7,true,4.10000000023865,true,85,426,0,0,85
297,,3,7,true,4.20000000024447,true,85,426,0,0,85
298,,3,7,true,4.30000000025029,true,85,426,0,0,85
299,,3,7,true,4.40000000025611,true,85,426,0,0,85
300,,3,7,true,4.50000000026193,true,85,426,0,0,85
301,,3,7,true,4.60000000026776,true,85,426,0,0,85
302,,3,7,true,4.70000000027358,true,85,426,0,0,85
303,,3,7,true,4.8000000002794,true,85,426,0,0,85
304,,3,7,true,4.90000000028522,true,85,426,0,0,85
305,,3,7,true,5.00000000029104,true,85,426,0,0,85
306,,3,8,true,0.0,true,109,558,0,0,109
307,,3,8,true,0.10000000000582,true,109,558,0,0,109
308,,3,8,true,0.20000000001164,true,109,558,0,0,109
309,,3,8,true,0.30000000001746,true,109,558,0,0,109
310,,3,8,true,0.40000000002328,true,109,558,0,0,109
311,,3,8,true,0.5000000000291,true,109,558,0,0,109
312,,3,8,true,0.60000000003492,true,109,558,0,0,109
313,,3,8,true,0.70000000004075,true,109,558,0,0,109
314,,3,8,true,0.80000000004657,true,109,558,0,0,109
315,,3,8,true,0.90000000005239,true,109,558,0,0,109
316,,3,8,true,1.00000000005821,true,109,558,0,0,109
317,,3,8,true,1.10000000006403,true,109,558,0,0,109
318,,3,8,true,1.20000000006985,true,109,558,0,0,109
319,,3,8,true,1.30000000007567,true,109,558,0,0,109
320,,3,8,true,1.40000000008149,true,109,558,0,0,109
321,,3,8,true,1.50000000008731,true,109,558,0,0,109
322,,3,8,true,1.60000000009313,true,109,558,0,0,109
323,,3,8,true,1.70000000009895,true,109,558,0,0,109
324,,3,8,true,1.80000000010477,true,109,558,0,0,109
325,,3,8,true,1.90000000011059,true,109,558,0,0,109
326,,3,8,true,2.00000000011642,true,109,558,0,0,109
327,,3,8,true,2.10000000012224,true,109,558,0,0,109
328,,3,8,true,2.20000000012806,true,109,558,0,0,109
329,,3,8,true,2.30000000013388,true,109,558,0,0,109
330,,3,8,true,2.4000000001397,true,109,558,0,0,109
331,,3,8,true,2.50000000014552,true,109,558,0,0,109
332,,3,8,true,2.60000000015134,true,109,558,0,0,109
333,,3,8,true,2.70000000015716,true,109,558,0,0,109
334,,3,8,true,2.80000000016298,true,109,558,0,0,109
335,,3,8,true,2.9000000001688,true,109,558,0,0,109
336,,3,8,true,3.00000000017462,true,109,558,0,0,109
337,,3,8,true,3.10000000018044,true,109,558,0,0,109
338,,3,8,true,3.20000000018626,true,109,558,0,0,109
339,,3,8,true,3.30000000019209,true,109,558,0,0,109
340,,3,8,true,3.40000000019791,true,109,558,0,0,109
341,,3,8,true,3.50000000020373,true,109,558,0,0,109
342,,3,8,true,3.60000000020955,true,109,558,0,0,109
343,,3,8,true,3.70000000021537,true,109,558,0,0,109
344,,3,8,true,3.80000000022119,true,109,558,0,0,109
345,,3,8,true,3.90000000022701,true,109,558,0,0,109
346,,3,8,true,4.00000000023283,true,109,558,0,0,109
347,,3,8,true,4.10000000023865,true,109,558,0,0,109
348,,3,8,true,4.20000000024447,true,109,558,0,0,109
349,,3,8,true,4.30000000025029,true,109,558,0,0,109
350,,3,8,true,4.40000000025611,true,109,558,0,0,109
351,,3,8,true,4.50000000026193,true,109,558,0,0,109
352,,3,8,true,4.60000000026776,true,109,558,0,0,109
353,,3,8,true,4.70000000027358,true,109,558,0,0,109
354,,3,8,true,4.8000000002794,true,109,558,0,0,109
355,,3,8,true,4.90000000028522,true,109,558,0,0,109
356,,3,8,true,5.00000000029104,true,109,558,0,0,109
357,,4,2,true,0.0,true,13,48,0,0,13
358,,4,2,true,0.10000000000582,true,13,48,0,0,13
359,,4,2,true,0.20000000001164,true,13,48,0,0,13
360,,4,2,true,0.30000000001746,true,13,48,0,0,13
361,,4,2,true,0.40000000002328,true,13,48,0,0,13
362,,4,2,true,0.5000000000291,true,13,48,0,0,13
363,,4,2,true,0.60000000003492,true,13,48,0,0,13
364,,4,2,true,0.70000000004075,true,13,48,0,0,13
365,,4,2,true,0.80000000004657,true,13,48,0,0,13
366,,4,2,true,0.90000000005239,true,13,48,0,0,13
367,,4,2,true,1.00000000005821,true,13,48,0,0,13
368,,4,2,true,1.10000000006403,true,13,48,0,0,13
369,,4,2,true,1.20000000006985,true,13,48,0,0,13
370,,4,2,true,1.30000000007567,true,13,48,0,0,13
371,,4,2,true,1.40000000008149,true,13,48,0,0,13
372,,4,2,true,1.50000000008731,true,13,48,0,0,13
373,,4,2,true,1.60000000009313,true,13,48,0,0,13
374,,4,2,true,1.70000000009895,true,13,48,0,0,13
375,,4,2,true,1.80000000010477,true,13,48,0,0,13
376,,4,2,true,1.90000000011059,true,13,48,0,0,13
377,,4,2,true,2.00000000011642,true,13,48,0,0,13
378,,4,2,true,2.10000000012224,true,13,48,0,0,13
379,,4,2,true,2.20000000012806,true,13,48,0,0,13
380,,4,2,true,2.30000000013388,true,13,48,0,0,13
381,,4,2,true,2.4000000001397,true,13,48,0,0,13
382,,4,2,true,2.50000000014552,true,13,48,0,0,13
383,,4,2,true,2.60000000015134,true,13,48,0,0,13
384,,4,2,true,2.70000000015716,true,13,48,0,0,13
385,,4,2,true,2.80000000016298,true,13,48,0,0,13
386,,4,2,true,2.9000000001688,true,13,48,0,0,13
387,,4,2,true,3.00000000017462,true,13,48,0,0,13
388,,4,2,true,3.10000000018044,true,13,48,0,0,13
389,,4,2,true,3.20000000018626,true,13,48,0,0,13
390,,4,2,true,3.30000000019209,true,13,48,0,0,13
391,,4,2,true,3.40000000019791,true,13,48,0,0,13
392,,4,2,true,3.50000000020373,true,13,48,0,0,13
393,,4,2,true,3.60000000020955,true,13,48,0,0,13
394,,4,2,true,3.70000000021537,true,13,48,0,0,13
395,,4,2,true,3.80000000022119,true,13,48,0,0,13
396,,4,2,true,3.90000000022701,true,13,48,0,0,13
397,,4,2,true,4.00000000023283,true,13,48,0,0,13
398,,4,2,true,4.10000000023865,true,13,48,0,0,13
399,,4,2,true,4.20000000024447,true,13,48,0,0,13
400,,4,2,true,4.30000000025029,true,13,48,0,0,13
401,,4,2,true,4.40000000025611,true,13,48,0,0,13
402,,4,2,true,4.50000000026193,true,13,48,0,0,13
403,,4,2,true,4.60000000026776,true,13,48,0,0,13
404,,4,2,true,4.70000000027358,true,13,48,0,0,13
405,,4,2,true,4.8000000002794,true,13,48,0,0,13
406,,4,2,true,4.90000000028522,true,13,48,0,0,13
407,,4,2,true,5.00000000029104,true,13,48,0,0,13
408,,4,3,true,0.0,true,25,104,0,0,25
409,,4,3,true,0.10000000000582,true,25,104,0,0,25
410,,4,3,true,0.20000000001164,true,25,104,0,0,25
411,,4,3,true,0.30000000001746,true,25,104,0,0,25
412,,4,3,true,0.40000000002328,true,25,104,0,0,25
413,,4,3,true,0.5000000000291,true,25,104,0,0,25
414,,4,3,true,0.60000000003492,true,25,104,0,0,25
415,,4,3,true,0.70000000004075,true,25,104,0,0,25
416,,4,3,true,0.80000000004657,true,25,104,0,0,25
417,,4,3,true,0.90000000005239,true,25,104,0,0,25
418,,4,3,true,1.00000000005821,true,25,104,0,0,25
419,,4,3,true,1.10000000006403,true,25,104,0,0,25
420,,4,3,true,1.20000000006985,true,25,104,0,0,25
421,,4,3,true,1.30000000007567,true,25,104,0,0,25
422,,4,3,true,1.40000000008149,true,25,104,0,0,25
423,,4,3,true,1.50000000008731,true,25,104,0,0,25
424,,4,3,true,1.60000000009313,true,25,104,0,0,25
425,,4,3,true,1.70000000009895,true,25,104,0,0,25
426,,4,3,true,1.80000000010477,true,25,104,0,0,25
427,,4,3,true,1.90000000011059,true,25,104,0,0,25
428,,4,3,true,2.00000000011642,true,25,104,0,0,25
429,,4,3,true,2.10000000012224,true,25,104,0,0,25
430,,4,3,true,2.20000000012806,true,25,104,0,0,25
431,,4,3,true,2.30000000013388,true,25,104,0,0,25
432,,4,3,true,2.4000000001397,true,25,104,0,0,25
433,,4,3,true,2.50000000014552,true,25,104,0,0,25
434,,4,3,true,2.60000000015134,true,25,104,0,0,25
435,,4,3,true,2.70000000015716,true,25,104,0,0,25
436,,4,3,true,2.80000000016298,true,25,104,0,0,25
437,,4,3,true,2.9000000001688,true,25,104,0,0,25
438,,4,3,true,3.00000000017462,true,25,104,0,0,25
439,,4,3,true,3.10000000018044,true,25,104,0,0,25
440,,4,3,true,3.20000000018626,true,25,104,0,0,25
441,,4,3,true,3.30000000019209,true,25,104,0,0,25
442,,4,3,true,3.40000000019791,true,25,104,0,0,25
443,,4,3,true,3.50000000020373,true,25,104,0,0,25
444,,4,3,true,3.60000000020955,true,25,104,0,0,25
445,,4,3,true,3.70000000021537,true,25,104,0,0,25
446,,4,3,true,3.80000000022119,true,25,104,0,0,25
447,,4,3,true,3.90000000022701,true,25,104,0,0,25
448,,4,3,true,4.00000000023283,true,25,104,0,0,25
449,,4,3,true,4.10000000023865,true,25,104,0,0,25
450,,4,3,true,4.20000000024447,true,25,104,0,0,25
451,,4,3,true,4.30000000025029,true,25,104,0,0,25
452,,4,3,true,4.40000000025611,true,25,104,0,0,25
453,,4,3,true,4.50000000026193,true,25,104,0,0,25
454,,4,3,true,4.60000000026776,true,25,104,0,0,25
455,,4,3,true,4.70000000027358,true,25,104,0,0,25
456,,4,3,true,4.8000000002794,true,25,104,0,0,25
457,,4,3,true,4.90000000028522,true,25,104,0,0,25
458,,4,3,true,5.00000000029104,true,25,104,0,0,25
459,,4,4,true,0.0,true,41,184,0,0,41
460,,4,4,true,0.10000000000582,true,41,184,0,0,41
461,,4,4,true,0.20000000001164,true,41,184,0,0,41
462,,4,4,true,0.30000000001746,true,41,184,0,0,41
463,,4,4,true,0.40000000002328,true,41,184,0,0,41
464,,4,4,true,0.5000000000291,true,41,184,0,0,41
465,,4,4,true,0.60000000003492,true,41,184,0,0,41
466,,4,4,true,0.70000000004075,true,41,184,0,0,41
467,,4,4,true,0.80000000004657,true,41,184,0,0,41
468,,4,4,true,0.90000000005239,true,41,184,0,0,41
469,,4,4,true,1.00000000005821,true,41,184,0,0,41
470,,4,4,true,1.10000000006403,true,41,184,0,0,41
471,,4,4,true,1.20000000006985,true,41,184,0,0,41
472,,4,4,true,1.30000000007567,true,41,184,0,0,41
473,,4,4,true,1.40000000008149,true,41,184,0,0,41
474,,4,4,true,1.50000000008731,true,41,184,0,0,41
475,,4,4,true,1.60000000009313,true,41,184,0,0,41
476,,4,4,true,1.70000000009895,true,41,184,0,0,41
477,,4,4,true,1.80000000010477,true,41,184,0,0,41
478,,4,4,true,1.90000000011059,true,41,184,0,0,41
479,,4,4,true,2.00000000011642,true,41,184,0,0,41
480,,4,4,true,2.10000000012224,true,41,184,0,0,41
481,,4,4,true,2.20000000012806,true,41,184,0,0,41
482,,4,4,true,2.30000000013388,true,41,184,0,0,41
483,,4,4,true,2.4000000001397,true,41,184,0,0,41
484,,4,4,true,2.50000000014552,true,41,184,0,0,41
485,,4,4,true,2.60000000015134,true,41,184,0,0,41
486,,4,4,true,2.70000000015716,true,41,184,0,0,41
487,,4,4,true,2.80000000016298,true,41,184,0,0,41
488,,4,4,true,2.9000000001688,true,41,184,0,0,41
489,,4,4,true,3.00000000017462,true,41,184,0,0,41
490,,4,4,true,3.10000000018044,true,41,184,0,0,41
491,,4,4,true,3.20000000018626,true,41,184,0,0,41
492,,4,4,true,3.30000000019209,true,41,184,0,0,41
493,,4,4,true,3.40000000019791,true,41,184,0,0,41
494,,4,4,true,3.50000000020373,true,41,184,0,0,41
495,,4,4,true,3.60000000020955,true,41,184,0,0,41
496,,4,4,true,3.70000000021537,true,41,184,0,0,41
497,,4,4,true,3.80000000022119,true,41,184,0,0,41
498,,4,4,true,3.90000000022701,true,41,184,0,0,41
499,,4,4,true,4.00000000023283,true,41,184,0,0,41
500,,4,4,true,4.10000000023865,true,41,184,0,0,41
501,,4,4,true,4.20000000024447,true,41,184,0,0,41
502,,4,4,true,4.30000000025029,true,41,184,0,0,41
503,,4,4,true,4.40000000025611,true,41,184,0,0,41
504,,4,4,true,4.50000000026193,true,41,184,0,0,41
505,,4,4,true,4.60000000026776,true,41,184,0,0,41
506,,4,4,true,4.70000000027358,true,41,184,0,0,41
507,,4,4,true,4.8000000002794,true,41,184,0,0,41
508,,4,4,true,4.90000000028522,true,41,184,0,0,41
509,,4,4,true,5.00000000029104,true,41,184,0,0,41
510,,4,5,true,0.0,true,61,288,0,0,61
511,,4,5,true,0.10000000000582,true,61,288,0,0,61
512,,4,5,true,0.20000000001164,true,61,288,0,0,61
513,,4,5,true,0.30000000001746,true,61,288,0,0,61
514,,4,5,true,0.40000000002328,true,61,288,0,0,61
515,,4,5,true,0.5000000000291,true,61,288,0,0,61
516,,4,5,true,0.60000000003492,true,61,288,0,0,61
517,,4,5,true,0.70000000004075,true,61,288,0,0,61
518,,4,5,true,0.80000000004657,true,61,288,0,0,61
519,,4,5,true,0.90000000005239,true,61,288,0,0,61
520,,4,5,true,1.00000000005821,true,61,288,0,0,61
521,,4,5,true,1.10000000006403,true,61,288,0,0,61
522,,4,5,true,1.20000000006985,true,61,288,0,0,61
523,,4,5,true,1.30000000007567,true,61,288,0,0,61
524,,4,5,true,1.40000000008149,true,61,288,0,0,61
525,,4,5,true,1.50000000008731,true,61,288,0,0,61
526,,4,5,true,1.60000000009313,true,61,288,0,0,61
527,,4,5,true,1.70000000009895,true,61,288,0,0,61
528,,4,5,true,1.80000000010477,true,61,288,0,0,61
529,,4,5,true,1.90000000011059,true,61,288,0,0,61
530,,4,5,true,2.00000000011642,true,61,288,0,0,61
531,,4,5,true,2.10000000012224,true,61,288,0,0,61
532,,4,5,true,2.20000000012806,true,61,288,0,0,61
533,,4,5,true,2.30000000013388,true,61,288,0,0,61
534,,4,5,true,2.4000000001397,true,61,288,0,0,61
535,,4,5,true,2.50000000014552,true,61,288,0,0,61
536,,4,5,true,2.60000000015134,true,61,288,0,0,61
537,,4,5,true,2.70000000015716,true,61,288,0,0,61
538,,4,5,true,2.80000000016298,true,61,288,0,0,61
539,,4,5,true,2.9000000001688,true,61,288,0,0,61
540,,4,5,true,3.00000000017462,true,61,288,0,0,61
541,,4,5,true,3.10000000018044,true,61,288,0,0,61
542,,4,5,true,3.20000000018626,true,61,288,0,0,61
543,,4,5,true,3.30000000019209,true,61,288,0,0,61
544,,4,5,true,3.40000000019791,true,61,288,0,0,61
545,,4,5,true,3.50000000020373,true,61,288,0,0,61
546,,4,5,true,3.60000000020955,true,61,288,0,0,61
547,,4,5,true,3.70000000021537,true,61,288,0,0,61
548,,4,5,true,3.80000000022119,true,61,288,0,0,61
549,,4,5,true,3.90000000022701,true,61,288,0,0,61
550,,4,5,true,4.00000000023283,true,61,288,0,0,61
551,,4,5,true,4.10000000023865,true,61,288,0,0,61
552,,4,5,true,4.20000000024447,true,61,288,0,0,61
553,,4,5,true,4.30000000025029,true,61,288,0,0,61
554,,4,5,true,4.40000000025611,true,61,288,0,0,61
555,,4,5,true,4.50000000026193,true,61,288,0,0,61
556,,4,5,true,4.60000000026776,true,61,288,0,0,61
557,,4,5,true,4.70000000027358,true,61,288,0,0,61
558,,4,5,true,4.8000000002794,true,61,288,0,0,61
559,,4,5,true,4.90000000028522,true,61,288,0,0,61
560,,4,5,true,5.00000000029104,true,61,288,0,0,61
561,,4,6,true,0.0,true,85,416,0,0,85
562,,4,6,true,0.10000000000582,true,85,416,0,0,85
563,,4,6,true,0.20000000001164,true,85,416,0,0,85
564,,4,6,true,0.30000000001746,true,85,416,0,0,85
565,,4,6,true,0.40000000002328,true,85,416,0,0,85
566,,4,6,true,0.5000000000291,true,85,416,0,0,85
567,,4,6,true,0.60000000003492,true,85,416,0,0,85
568,,4,6,true,0.70000000004075,true,85,416,0,0,85
569,,4,6,true,0.80000000004657,true,85,416,0,0,85
570,,4,6,true,0.90000000005239,true,85,416,0,0,85
571,,4,6,true,1.00000000005821,true,85,416,0,0,85
572,,4,6,true,1.10000000006403,true,85,416,0,0,85
573,,4,6,true,1.20000000006985,true,85,416,0,0,85
574,,4,6,true,1.30000000007567,true,85,416,0,0,85
575,,4,6,true,1.40000000008149,true,85,416,0,0,85
576,,4,6,true,1.50000000008731,true,85,416,0,0,85
577,,4,6,true,1.60000000009313,true,85,416,0,0,85
578,,4,6,true,1.70000000009895,true,85,416,0,0,85
579,,4,6,true,1.80000000010477,true,85,416,0,0,85
580,,4,6,true,1.90000000011059,true,85,416,0,0,85
581,,4,6,true,2.00000000011642,true,85,416,0,0,85
582,,4,6,true,2.10000000012224,true,85,416,0,0,85
583,,4,6,true,2.20000000012806,true,85,416,0,0,85
584,,4,6,true,2.30000000013388,true,85,416,0,0,85
585,,4,6,true,2.4000000001397,true,85,416,0,0,85
586,,4,6,true,2.50000000014552,true,85,416,0,0,85
587,,4,6,true,2.60000000015134,true,85,416,0,0,85
588,,4,6,true,2.70000000015716,true,85,416,0,0,85
589,,4,6,true,2.80000000016298,true,85,416,0,0,85
590,,4,6,true,2.9000000001688,true,85,416,0,0,85
591,,4,6,true,3.00000000017462,true,85,416,0,0,85
592,,4,6,true,3.10000000018044,true,85,416,0,0,85
593,,4,6,true,3.20000000018626,true,85,416,0,0,85
594,,4,6,true,3.30000000019209,true,85,416,0,0,85
595,,4,6,true,3.40000000019791,true,85,416,0,0,85
596,,4,6,true,3.50000000020373,true,85,416,0,0,85
597,,4,6,true,3.60000000020955,true,85,416,0,0,85
598,,4,6,true,3.70000000021537,true,85,416,0,0,85
599,,4,6,true,3.80000000022119,true,85,416,0,0,85
600,,4,6,true,3.90000000022701,true,85,416,0,0,85
601,,4,6,true,4.00000000023283,true,85,416,0,0,85
602,,4,6,true,4.10000000023865,true,85,416,0,0,85
603,,4,6,true,4.20000000024447,true,85,416,0,0,85
604,,4,6,true,4.30000000025029,true,85,416,0,0,85
605,,4,6,true,4.40000000025611,true,85,416,0,0,85
606,,4,6,true,4.50000000026193,true,85,416,0,0,85
607,,4,6,true,4.60000000026776,true,85,416,0,0,85
608,,4,6,true,4.70000000027358,true,85,416,0,0,85
609,,4,6,true,4.8000000002794,true,85,416,0,0,85
610,,4,6,true,4.90000000028522,true,85,416,0,0,85
611,,4,6,true,5.00000000029104,true,85,416,0,0,85
612,,4,7,true,0.0,true,113,568,0,0,113
613,,4,7,true,0.10000000000582,true,113,568,0,0,113
614,,4,7,true,0.20000000001164,true,113,568,0,0,113
615,,4,7,true,0.30000000001746,true,113,568,0,0,113
616,,4,7,true,0.40000000002328,true,113,568,0,0,113
617,,4,7,true,0.5000000000291,true,113,568,0,0,113
618,,4,7,true,0.60000000003492,true,113,568,0,0,113
619,,4,7,true,0.70000000004075,true,113,568,0,0,113
620,,4,7,true,0.80000000004657,true,113,568,0,0,113
621,,4,7,true,0.90000000005239,true,113,568,0,0,113
622,,4,7,true,1.00000000005821,true,113,568,0,0,113
623,,4,7,true,1.10000000006403,true,113,568,0,0,113
624,,4,7,true,1.20000000006985,true,113,568,0,0,113
625,,4,7,true,1.30000000007567,true,113,568,0,0,113
626,,4,7,true,1.40000000008149,true,113,568,0,0,113
627,,4,7,true,1.50000000008731,true,113,568,0,0,113
628,,4,7,true,1.60000000009313,true,113,568,0,0,113
629,,4,7,true,1.70000000009895,true,113,568,0,0,113
630,,4,7,true,1.80000000010477,true,113,568,0,0,113
631,,4,7,true,1.90000000011059,true,113,568,0,0,113
632,,4,7,true,2.00000000011642,true,113,568,0,0,113
633,,4,7,true,2.10000000012224,true,113,568,0,0,113
634,,4,7,true,2.20000000012806,true,113,568,0,0,113
635,,4,7,true,2.30000000013388,true,113,568,0,0,113
636,,4,7,true,2.4000000001397,true,113,568,0,0,113
637,,4,7,true,2.50000000014552,true,113,568,0,0,113
638,,4,7,true,2.60000000015134,true,113,568,0,0,113
639,,4,7,true,2.70000000015716,true,113,568,0,0,113
640,,4,7,true,2.80000000016298,true,113,568,0,0,113
641,,4,7,true,2.9000000001688,true,113,568,0,0,113
642,,4,7,true,3.00000000017462,true,113,568,0,0,113
643,,4,7,true,3.10000000018044,true,113,568,0,0,113
644,,4,7,true,3.20000000018626,true,113,568,0,0,113
645,,4,7,true,3.30000000019209,true,113,568,0,0,113
646,,4,7,true,3.40000000019791,true,113,568,0,0,113
647,,4,7,true,3.50000000020373,true,113,568,0,0,113
648,,4,7,true,3.60000000020955,true,113,568,0,0,113
649,,4,7,true,3.70000000021537,true,113,568,0,0,113
650,,4,7,true,3.80000000022119,true,113,568,0,0,113
651,,4,7,true,3.90000000022701,true,113,568,0,0,113
652,,4,7,true,4.00000000023283,true,113,568,0,0,113
653,,4,7,true,4.10000000023865,true,113,568,0,0,113
654,,4,7,true,4.20000000024447,true,113,568,0,0,113
655,,4,7,true,4.30000000025029,true,113,568,0,0,113
656,,4,7,true,4.40000000025611,true,113,568,0,0,113
657,,4,7,true,4.50000000026193,true,113,568,0,0,113
658,,4,7,true,4.60000000026776,true,113,568,0,0,113
659,,4,7,true,4.70000000027358,true,113,568,0,0,113
660,,4,7,true,4.8000000002794,true,113,568,0,0,113
661,,4,7,true,4.90000000028522,true,113,568,0,0,113
662,,4,7,true,5.00000000029104,true,113,568,0,0,113
663,,4,8,true,0.0,true,145,744,0,0,145
664,,4,8,true,0.10000000000582,true,145,744,0,0,145
665,,4,8,true,0.20000000001164,true,145,744,0,0,145
666,,4,8,true,0.30000000001746,true,145,744,0,0,145
667,,4,8,true,0.40000000002328,true,145,744,0,0,145
668,,4,8,true,0.5000000000291,true,145,744,0,0,145
669,,4,8,true,0.60000000003492,true,145,744,0,0,145
670,,4,8,true,0.70000000004075,true,145,744,0,0,145
671,,4,8,true,0.80000000004657,true,145,744,0,0,145
672,,4,8,true,0.90000000005239,true,145,744,0,0,145
673,,4,8,true,1.00000000005821,true,145,744,0,0,145
674,,4,8,true,1.10000000006403,true,145,744,0,0,145
675,,4,8,true,1.20000000006985,true,145,744,0,0,145
676,,4,8,true,1.30000000007567,true,145,744,0,0,145
677,,4,8,true,1.40000000008149,true,145,744,0,0,145
678,,4,8,true,1.50000000008731,true,145,744,0,0,145
679,,4,8,true,1.60000000009313,true,145,744,0,0,145
680,,4,8,true,1.70000000009895,true,145,744,0,0,145
681,,4,8,true,1.80000000010477,true,145,744,0,0,145
682,,4,8,true,1.90000000011059,true,145,744,0,0,145
683,,4,8,true,2.00000000011642,true,145,744,0,0,145
684,,4,8,true,2.10000000012224,true,145,744,0,0,145
685,,4,8,true,2.20000000012806,true,145,744,0,0,145
686,,4,8,true,2.30000000013388,true,145,744,0,0,145
687,,4,8,true,2.4000000001397,true,145,744,0,0,145
688,,4,8,true,2.50000000014552,true,145,744,0,0,145
689,,4,8,true,2.60000000015134,true,145,744,0,0,145
690,,4,8,true,2.70000000015716,true,145,744,0,0,145
691,,4,8,true,2.80000000016298,true,145,744,0,0,145
692,,4,8,true,2.9000000001688,true,145,744,0,0,145
693,,4,8,true,3.00000000017462,true,145,744,0,0,145
694,,4,8,true,3.10000000018044,true,145,744,0,0,145
695,,4,8,true,3.20000000018626,true,145,744,0,0,145
696,,4,8,true,3.30000000019209,true,145,744,0,0,145
697,,4,8,true,3.40000000019791,true,145,744,0,0,145
698,,4,8,true,3.50000000020373,true,145,744,0,0,145
699,,4,8,true,3.60000000020955,true,145,744,0,0,145
700,,4,8,true,3.70000000021537,true,145,744,0,0,145
701,,4,8,true,3.80000000022119,true,145,744,0,0,145
702,,4,8,true,3.90000000022701,true,145,744,0,0,145
703,,4,8,true,4.00000000023283,true,145,744,0,0,145
704,,4,8,true,4.10000000023865,true,145,744,0,0,145
705,,4,8,true,4.20000000024447,true,145,744,0,0,145
706,,4,8,true,4.30000000025029,true,145,744,0,0,145
707,,4,8,true,4.40000000025611,true,145,744,0,0,145
708,,4,8,true,4.50000000026193,true,145,744,0,0,145
709,,4,8,true,4.60000000026776,true,145,744,0,0,145
710,,4,8,true,4.70000000027358,true,145,744,0,0,145
711,,4,8,true,4.8000000002794,true,145,744,0,0,145
712,,4,8,true,4.90000000028522,true,145,744,0,0,145
713,,4,8,true,5.00000000029104,true,145,744,0,0,145
714,,5,2,true,0.0,true,16,60,0,0,16
715,,5,2,true,0.10000000000582,true,16,60,0,0,16
716,,5,2,true,0.20000000001164,true,16,60,0,0,16
717,,5,2,true,0.30000000001746,true,16,60,0,0,16
718,,5,2,true,0.40000000002328,true,16,60,0,0,16
719,,5,2,true,0.5000000000291,true,16,60,0,0,16
720,,5,2,true,0.60000000003492,true,16,60,0,0,16
721,,5,2,true,0.70000000004075,true,16,60,0,0,16
722,,5,2,true,0.80000000004657,true,16,60,0,0,16
723,,5,2,true,0.90000000005239,true,16,60,0,0,16
724,,5,2,true,1.00000000005821,true,16,60,0,0,16
725,,5,2,true,1.10000000006403,true,16,60,0,0,16
726,,5,2,true,1.20000000006985,true,16,60,0,0,16
727,,5,2,true,1.30000000007567,true,16,60,0,0,16
728,,5,2,true,1.40000000008149,true,16,60,0,0,16
729,,5,2,true,1.50000000008731,true,16,60,0,0,16
730,,5,2,true,1.60000000009313,true,16,60,0,0,16
731,,5,2,true,1.70000000009895,true,16,60,0,0,16
732,,5,2,true,1.80000000010477,true,16,60,0,0,16
733,,5,2,true,1.90000000011059,true,16,60,0,0,16
734,,5,2,true,2.00000000011642,true,16,60,0,0,16
735,,5,2,true,2.10000000012224,true,16,60,0,0,16
736,,5,2,true,2.20000000012806,true,16,60,0,0,16
737,,5,2,true,2.30000000013388,true,16,60,0,0,16
738,,5,2,true,2.4000000001397,true,16,60,0,0,16
739,,5,2,true,2.50000000014552,true,16,60,0,0,16
740,,5,2,true,2.60000000015134,true,16,60,0,0,16
741,,5,2,true,2.70000000015716,true,16,60,0,0,16
742,,5,2,true,2.80000000016298,true,16,60,0,0,16
743,,5,2,true,2.9000000001688,true,16,60,0,0,16
744,,5,2,true,3.00000000017462,true,16,60,0,0,16
745,,5,2,true,3.10000000018044,true,16,60,0,0,16
746,,5,2,true,3.20000000018626,true,16,60,0,0,16
747,,5,2,true,3.30000000019209,true,16,60,0,0,16
748,,5,2,true,3.40000000019791,true,16,60,0,0,16
749,,5,2,true,3.50000000020373,true,16,60,0,0,16
750,,5,2,true,3.60000000020955,true,16,60,0,0,16
751,,5,2,true,3.70000000021537,true,16,60,0,0,16
752,,5,2,true,3.80000000022119,true,16,60,0,0,16
753,,5,2,true,3.90000000022701,true,16,60,0,0,16
754,,5,2,true,4.00000000023283,true,16,60,0,0,16
755,,5,2,true,4.10000000023865,true,16,60,0,0,16
756,,5,2,true,4.20000000024447,true,16,60,0,0,16
757,,5,2,true,4.30000000025029,true,16,60,0,0,16
758,,5,2,true,4.40000000025611,true,16,60,0,0,16
759,,5,2,true,4.50000000026193,true,16,60,0,0,16
760,,5,2,true,4.60000000026776,true,16,60,0,0,16
761,,5,2,true,4.70000000027358,true,16,60,0,0,16
762,,5,2,true,4.8000000002794,true,16,60,0,0,16
763,,5,2,true,4.90000000028522,true,16,60,0,0,16
764,,5,2,true,5.00000000029104,true,16,60,0,0,16
765,,5,3,true,0.0,true,31,130,0,0,31
766,,5,3,true,0.10000000000582,true,31,130,0,0,31
767,,5,3,true,0.20000000001164,true,31,130,0,0,31
768,,5,3,true,0.30000000001746,true,31,130,0,0,31
769,,5,3,true,0.40000000002328,true,31,130,0,0,31
770,,5,3,true,0.5000000000291,true,31,130,0,0,31
771,,5,3,true,0.60000000003492,true,31,130,0,0,31
772,,5,3,true,0.70000000004075,true,31,130,0,0,31
773,,5,3,true,0.80000000004657,true,31,130,0,0,31
774,,5,3,true,0.90000000005239,true,31,130,0,0,31
775,,5,3,true,1.00000000005821,true,31,130,0,0,31
776,,5,3,true,1.10000000006403,true,31,130,0,0,31
777,,5,3,true,1.20000000006985,true,31,130,0,0,31
778,,5,3,true,1.30000000007567,true,31,130,0,0,31
779,,5,3,true,1.40000000008149,true,31,130,0,0,31
780,,5,3,true,1.50000000008731,true,31,130,0,0,31
781,,5,3,true,1.60000000009313,true,31,130,0,0,31
782,,5,3,true,1.70000000009895,true,31,130,0,0,31
783,,5,3,true,1.80000000010477,true,31,130,0,0,31
784,,5,3,true,1.90000000011059,true,31,130,0,0,31
785,,5,3,true,2.00000000011642,true,31,130,0,0,31
786,,5,3,true,2.10000000012224,true,31,130,0,0,31
787,,5,3,true,2.20000000012806,true,31,130,0,0,31
788,,5,3,true,2.30000000013388,true,31,130,0,0,31
789,,5,3,true,2.4000000001397,true,31,130,0,0,31
790,,5,3,true,2.50000000014552,true,31,130,0,0,31
791,,5,3,true,2.60000000015134,true,31,130,0,0,31
792,,5,3,true,2.70000000015716,true,31,130,0,0,31
793,,5,3,true,2.80000000016298,true,31,130,0,0,31
794,,5,3,true,2.9000000001688,true,31,130,0,0,31
795,,5,3,true,3.00000000017462,true,31,130,0,0,31
796,,5,3,true,3.10000000018044,true,31,130,0,0,31
797,,5,3,true,3.20000000018626,true,31,130,0,0,31
798,,5,3,true,3.30000000019209,true,31,130,0,0,31
799,,5,3,true,3.40000000019791,true,31,130,0,0,31
800,,5,3,true,3.50000000020373,true,31,130,0,0,31
801,,5,3,true,3.60000000020955,true,31,130,0,0,31
802,,5,3,true,3.70000000021537,true,31,130,0,0,31
803,,5,3,true,3.80000000022119,true,31,130,0,0,31
804,,5,3,true,3.90000000022701,true,31,130,0,0,31
805,,5,3,true,4.00000000023283,true,31,130,0,0,31
806,,5,3,true,4.10000000023865,true,31,130,0,0,31
807,,5,3,true,4.20000000024447,true,31,130,0,0,31
808,,5,3,true,4.30000000025029,true,31,130,0,0,31
809,,5,3,true,4.40000000025611,true,31,130,0,0,31
810,,5,3,true,4.50000000026193,true,31,130,0,0,31
811,,5,3,true,4.60000000026776,true,31,130,0,0,31
812,,5,3,true,4.70000000027358,true,31,130,0,0,31
813,,5,3,true,4.8000000002794,true,31,130,0,0,31
814,,5,3,true,4.90000000028522,true,31,130,0,0,31
815,,5,3,true,5.00000000029104,true,31,130,0,0,31
816,,5,4,true,0.0,true,51,230,0,0,51
817,,5,4,true,0.10000000000582,true,51,230,0,0,51
818,,5,4,true,0.20000000001164,true,51,230,0,0,51
819,,5,4,true,0.30000000001746,true,51,230,0,0,51
820,,5,4,true,0.40000000002328,true,51,230,0,0,51
821,,5,4,true,0.5000000000291,true,51,230,0,0,51
822,,5,4,true,0.60000000003492,true,51,230,0,0,51
823,,5,4,true,0.70000000004075,true,51,230,0,0,51
824,,5,4,true,0.80000000004657,true,51,230,0,0,51
825,,5,4,true,0.90000000005239,true,51,230,0,0,51
826,,5,4,true,1.00000000005821,true,51,230,0,0,51
827,,5,4,true,1.10000000006403,true,51,230,0,0,51
828,,5,4,true,1.20000000006985,true,51,230,0,0,51
829,,5,4,true,1.30000000007567,true,51,230,0,0,51
830,,5,4,true,1.40000000008149,true,51,230,0,0,51
831,,5,4,true,1.50000000008731,true,51,230,0,0,51
832,,5,4,true,1.60000000009313,true,51,230,0,0,51
833,,5,4,true,1.70000000009895,true,51,230,0,0,51
834,,5,4,true,1.80000000010477,true,51,230,0,0,51
835,,5,4,true,1.90000000011059,true,51,230,0,0,51
836,,5,4,true,2.00000000011642,true,51,230,0,0,51
837,,5,4,true,2.10000000012224,true,51,230,0,0,51
838,,5,4,true,2.20000000012806,true,51,230,0,0,51
839,,5,4,true,2.30000000013388,true,51,230,0,0,51
840,,5,4,true,2.4000000001397,true,51,230,0,0,51
841,,5,4,true,2.50000000014552,true,51,230,0,0,51
842,,5,4,true,2.60000000015134,true,51,230,0,0,51
843,,5,4,true,2.70000000015716,true,51,230,0,0,51
844,,5,4,true,2.80000000016298,true,51,230,0,0,51
845,,5,4,true,2.9000000001688,true,51,230,0,0,51
846,,5,4,true,3.00000000017462,true,51,230,0,0,51
847,,5,4,true,3.10000000018044,true,51,230,0,0,51
848,,5,4,true,3.20000000018626,true,51,230,0,0,51
849,,5,4,true,3.30000000019209,true,51,230,0,0,51
850,,5,4,true,3.40000000019791,true,51,230,0,0,51
851,,5,4,true,3.50000000020373,true,51,230,0,0,51
852,,5,4,true,3.60000000020955,true,51,230,0,0,51
853,,5,4,true,3.70000000021537,true,51,230,0,0,51
854,,5,4,true,3.80000000022119,true,51,230,0,0,51
855,,5,4,true,3.90000000022701,true,51,230,0,0,51
856,,5,4,true,4.00000000023283,true,51,230,0,0,51
857,,5,4,true,4.10000000023865,true,51,230,0,0,51
858,,5,4,true,4.20000000024447,true,51,230,0,0,51
859,,5,4,true,4.30000000025029,true,51,230,0,0,51
860,,5,4,true,4.40000000025611,true,51,230,0,0,51
861,,5,4,true,4.50000000026193,true,51,230,0,0,51
862,,5,4,true,4.60000000026776,true,51,230,0,0,51
863,,5,4,true,4.70000000027358,true,51,230,0,0,51
864,,5,4,true,4.8000000002794,true,51,230,0,0,51
865,,5,4,true,4.90000000028522,true,51,230,0,0,51
866,,5,4,true,5.00000000029104,true,51,230,0,0,51
867,,5,5,true,0.0,true,76,360,0,0,76
868,,5,5,true,0.10000000000582,true,76,360,0,0,76
869,,5,5,true,0.20000000001164,true,76,360,0,0,76
870,,5,5,true,0.30000000001746,true,76,360,0,0,76
871,,5,5,true,0.40000000002328,true,76,360,0,0,76
872,,5,5,true,0.5000000000291,true,76,360,0,0,76
873,,5,5,true,0.60000000003492,true,76,360,0,0,76
874,,5,5,true,0.70000000004075,true,76,360,0,0,76
875,,5,5,true,0.80000000004657,true,76,360,0,0,76
876,,5,5,true,0.90000000005239,true,76,360,0,0,76
877,,5,5,true,1.00000000005821,true,76,360,0,0,76
878,,5,5,true,1.10000000006403,true,76,360,0,0,76
879,,5,5,true,1.20000000006985,true,76,360,0,0,76
880,,5,5,true,1.30000000007567,true,76,360,0,0,76
881,,5,5,true,1.40000000008149,true,76,360,0,0,76
882,,5,5,true,1.50000000008731,true,76,360,0,0,76
883,,5,5,true,1.60000000009313,true,76,360,0,0,76
884,,5,5,true,1.70000000009895,true,76,360,0,0,76
885,,5,5,true,1.80000000010477,true,76,360,0,0,76
886,,5,5,true,1.90000000011059,true,76,360,0,0,76
887,,5,5,true,2.00000000011642,true,76,360,0,0,76
888,,5,5,true,2.10000000012224,true,76,360,0,0,76
889,,5,5,true,2.20000000012806,true,76,360,0,0,76
890,,5,5,true,2.30000000013388,true,76,360,0,0,76
891,,5,5,true,2.4000000001397,true,76,360,0,0,76
892,,5,5,true,2.50000000014552,true,76,360,0,0,76
893,,5,5,true,2.60000000015134,true,76,360,0,0,76
894,,5,5,true,2.70000000015716,true,76,360,0,0,76
895,,5,5,true,2.80000000016298,true,76,360,0,0,76
896,,5,5,true,2.9000000001688,true,76,360,0,0,76
897,,5,5,true,3.00000000017462,true,76,360,0,0,76
898,,5,5,true,3.10000000018044,true,76,360,0,0,76
899,,5,5,true,3.20000000018626,true,76,360,0,0,76
900,,5,5,true,3.30000000019209,true,76,360,0,0,76
901,,5,5,true,3.40000000019791,true,76,360,0,0,76
902,,5,5,true,3.50000000020373,true,76,360,0,0,76
903,,5,5,true,3.60000000020955,true,76,360,0,0,76
904,,5,5,true,3.70000000021537,true,76,360,0,0,76
905,,5,5,true,3.80000000022119,true,76,360,0,0,76
906,,5,5,true,3.90000000022701,true,76,360,0,0,76
907,,5,5,true,4.00000000023283,true,76,360,0,0,76
908,,5,5,true,4.10000000023865,true,76,360,0,0,76
909,,5,5,true,4.20000000024447,true,76,360,0,0,76
910,,5,5,true,4.30000000025029,true,76,360,0,0,76
911,,5,5,true,4.40000000025611,true,76,360,0,0,76
912,,5,5,true,4.50000000026193,true,76,360,0,0,76
913,,5,5,true,4.60000000026776,true,76,360,0,0,76
914,,5,5,true,4.70000000027358,true,76,360,0,0,76
915,,5,5,true,4.8000000002794,true,76,360,0,0,76
916,,5,5,true,4.90000000028522,true,76,360,0,0,76
917,,5,5,true,5.00000000029104,true,76,360,0,0,76
918,,5,6,true,0.0,true,106,520,0,0,106
919,,5,6,true,0.10000000000582,true,106,520,0,0,106
920,,5,6,true,0.20000000001164,true,106,520,0,0,106
921,,5,6,true,0.30000000001746,true,106,520,0,0,106
922,,5,6,true,0.40000000002328,true,106,520,0,0,106
923,,5,6,true,0.5000000000291,true,106,520,0,0,106
924,,5,6,true,0.60000000003492,true,106,520,0,0,106
925,,5,6,true,0.70000000004075,true,106,520,0,0,106
926,,5,6,true,0.80000000004657,true,106,520,0,0,106
927,,5,6,true,0.90000000005239,true,106,520,0,0,106
928,,5,6,true,1.00000000005821,true,106,520,0,0,106
929,,5,6,true,1.10000000006403,true,106,520,0,0,106
930,,5,6,true,1.20000000006985,true,106,520,0,0,106
931,,5,6,true,1.30000000007567,true,106,520,0,0,106
932,,5,6,true,1.40000000008149,true,106,520,0,0,106
933,,5,6,true,1.50000000008731,true,106,520,0,0,106
934,,5,6,true,1.60000000009313,true,106,520,0,0,106
935,,5,6,true,1.70000000009895,true,106,520,0,0,106
936,,5,6,true,1.80000000010477,true,106,520,0,0,106
937,,5,6,true,1.90000000011059,true,106,520,0,0,106
938,,5,6,true,2.00000000011642,true,106,520,0,0,106
939,,5,6,true,2.10000000012224,true,106,520,0,0,106
940,,5,6,true,2.20000000012806,true,106,520,0,0,106
941,,5,6,true,2.30000000013388,true,106,520,0,0,106
942,,5,6,true,2.4000000001397,true,106,520,0,0,106
943,,5,6,true,2.50000000014552,true,106,520,0,0,106
944,,5,6,true,2.60000000015134,true,106,520,0,0,106
945,,5,6,true,2.70000000015716,true,106,520,0,0,106
946,,5,6,true,2.80000000016298,true,106,520,0,0,106
947,,5,6,true,2.9000000001688,true,106,520,0,0,106
948,,5,6,true,3.00000000017462,true,106,520,0,0,106
949,,5,6,true,3.10000000018044,true,106,520,0,0,106
950,,5,6,true,3.20000000018626,true,106,520,0,0,106
951,,5,6,true,3.30000000019209,true,106,520,0,0,106
952,,5,6,true,3.40000000019791,true,106,520,0,0,106
953,,5,6,true,3.50000000020373,true,106,520,0,0,106
954,,5,6,true,3.60000000020955,true,106,520,0,0,106
955,,5,6,true,3.70000000021537,true,106,520,0,0,106
956,,5,6,true,3.80000000022119,true,106,520,0,0,106
957,,5,6,true,3.90000000022701,true,106,520,0,0,106
958,,5,6,true,4.00000000023283,true,106,520,0,0,106
959,,5,6,true,4.10000000023865,true,106,520,0,0,106
960,,5,6,true,4.20000000024447,true,106,520,0,0,106
961,,5,6,true,4.30000000025029,true,106,520,0,0,106
962,,5,6,true,4.40000000025611,true,106,520,0,0,106
963,,5,6,true,4.50000000026193,true,106,520,0,0,106
964,,5,6,true,4.60000000026776,true,106,520,0,0,106
965,,5,6,true,4.70000000027358,true,106,520,0,0,106
966,,5,6,true,4.8000000002794,true,106,520,0,0,106
967,,5,6,true,4.90000000028522,true,106,520,0,0,106
968,,5,6,true,5.00000000029104,true,106,520,0,0,106
969,,5,7,true,0.0,true,141,710,0,0,141
970,,5,7,true,0.10000000000582,true,141,710,0,0,141
971,,5,7,true,0.20000000001164,true,141,710,0,0,141
972,,5,7,true,0.30000000001746,true,141,710,0,0,141
973,,5,7,true,0.40000000002328,true,141,710,0,0,141
974,,5,7,true,0.5000000000291,true,141,710,0,0,141
975,,5,7,true,0.60000000003492,true,141,710,0,0,141
976,,5,7,true,0.70000000004075,true,141,710,0,0,141
977,,5,7,true,0.80000000004657,true,141,710,0,0,141
978,,5,7,true,0.90000000005239,true,141,710,0,0,141
979,,5,7,true,1.00000000005821,true,141,710,0,0,141
980,,5,7,true,1.10000000006403,true,141,710,0,0,141
981,,5,7,true,1.20000000006985,true,141,710,0,0,141
982,,5,7,true,1.30000000007567,true,141,710,0,0,141
983,,5,7,true,1.40000000008149,true,141,710,0,0,141
984,,5,7,true,1.50000000008731,true,141,710,0,0,141
985,,5,7,true,1.60000000009313,true,141,710,0,0,141
986,,5,7,true,1.70000000009895,true,141,710,0,0,141
987,,5,7,true,1.80000000010477,true,141,710,0,0,141
988,,5,7,true,1.90000000011059,true,141,710,0,0,141
989,,5,7,true,2.00000000011642,true,141,710,0,0,141
990,,5,7,true,2.10000000012224,true,141,710,0,0,141
991,,5,7,true,2.20000000012806,true,141,710,0,0,141
992,,5,7,true,2.30000000013388,true,141,710,0,0,141
993,,5,7,true,2.4000000001397,true,141,710,0,0,141
994,,5,7,true,2.50000000014552,true,141,710,0,0,141
995,,5,7,true,2.60000000015134,true,141,710,0,0,141
996,,5,7,true,2.70000000015716,true,141,710,0,0,141
997,,5,7,true,2.80000000016298,true,141,710,0,0,141
998,,5,7,true,2.9000000001688,true,141,710,0,0,141
999,,5,7,true,3.00000000017462,true,141,710,0,0,141
1000,,5,7,true,3.10000000018044,true,141,710,0,0,141
1001,,5,7,true,3.20000000018626,true,141,710,0,0,141
1002,,5,7,true,3.30000000019209,true,141,710,0,0,141
1003,,5,7,true,3.40000000019791,true,141,710,0,0,141
1004,,5,7,true,3.50000000020373,true,141,710,0,0,141
1005,,5,7,true,3.60000000020955,true,141,710,0,0,141
1006,,5,7,true,3.70000000021537,true,141,710,0,0,141
1007,,5,7,true,3.80000000022119,true,141,710,0,0,141
1008,,5,7,true,3.90000000022701,true,141,710,0,0,141
1009,,5,7,true,4.00000000023283,true,141,710,0,0,141
1010,,5,7,true,4.10000000023865,true,141,710,0,0,141
1011,,5,7,true,4.20000000024447,true,141,710,0,0,141
1012,,5,7,true,4.30000000025029,true,141,710,0,0,141
1013,,5,7,true,4.40000000025611,true,141,710,0,0,141
1014,,5,7,true,4.50000000026193,true,141,710,0,0,141
1015,,5,7,true,4.60000000026776,true,141,710,0,0,141
1016,,5,7,true,4.70000000027358,true,141,710,0,0,141
1017,,5,7,true,4.8000000002794,true,141,710,0,0,141
1018,,5,7,true,4.90000000028522,true,141,710,0,0,141
1019,,5,7,true,5.00000000029104,true,141,710,0,0,141
1020,,5,8,true,0.0,true,181,930,0,0,181
1021,,5,8,true,0.10000000000582,true,181,930,0,0,181
1022,,5,8,true,0.20000000001164,true,181,930,0,0,181
1023,,5,8,true,0.30000000001746,true,181,930,0,0,181
1024,,5,8,true,0.40000000002328,true,181,930,0,0,181
1025,,5,8,true,0.5000000000291,true,181,930,0,0,181
1026,,5,8,true,0.60000000003492,true,181,930,0,0,181
1027,,5,8,true,0.70000000004075,true,181,930,0,0,181
1028,,5,8,true,0.80000000004657,true,181,930,0,0,181
1029,,5,8,true,0.90000000005239,true,181,930,0,0,181
1030,,5,8,true,1.00000000005821,true,181,930,0,0,181
1031,,5,8,true,1.10000000006403,true,181,930,0,0,181
1032,,5,8,true,1.20000000006985,true,181,930,0,0,181
1033,,5,8,true,1.30000000007567,true,181,930,0,0,181
1034,,5,8,true,1.40000000008149,true,181,930,0,0,181
1035,,5,8,true,1.50000000008731,true,181,930,0,0,181
1036,,5,8,true,1.60000000009313,true,181,930,0,0,181
1037,,5,8,true,1.70000000009895,true,181,930,0,0,181
1038,,5,8,true,1.80000000010477,true,181,930,0,0,181
1039,,5,8,true,1.90000000011059,true,181,930,0,0,181
1040,,5,8,true,2.00000000011642,true,181,930,0,0,181
1041,,5,8,true,2.10000000012224,true,181,930,0,0,181
1042,,5,8,true,2.20000000012806,true,181,930,0,0,181
1043,,5,8,true,2.30000000013388,true,181,930,0,0,181
1044,,5,8,true,2.4000000001397,true,181,930,0,0,181
1045,,5,8,true,2.50000000014552,true,181,930,0,0,181
1046,,5,8,true,2.60000000015134,true,181,930,0,0,181
1047,,5,8,true,2.70000000015716,true,181,930,0,0,181
1048,,5,8,true,2.80000000016298,true,181,930,0,0,181
1049,,5,8,true,2.9000000001688,true,181,930,0,0,181
1050,,5,8,true,3.00000000017462,true,181,930,0,0,181
1051,,5,8,true,3.10000000018044,true,181,930,0,0,181
1052,,5,8,true,3.20000000018626,true,181,930,0,0,181
1053,,5,8,true,3.30000000019209,true,181,930,0,0,181
1054,,5,8,true,3.40000000019791,true,181,930,0,0,181
1055,,5,8,true,3.50000000020373,true,181,930,0,0,181
1056,,5,8,true,3.60000000020955,true,181,930,0,0,181
1057,,5,8,true,3.70000000021537,true,181,930,0,0,181
1058,,5,8,true,3.80000000022119,true,181,930,0,0,181
1059,,5,8,true,3.90000000022701,true,181,930,0,0,181
1060,,5,8,true,4.00000000023283,true,181,930,0,0,181
1061,,5,8,true,4.10000000023865,true,181,930,0,0,181
1062,,5,8,true,4.20000000024447,true,181,930,0,0,181
1063,,5,8,true,4.30000000025029,true,181,930,0,0,181
1064,,5,8,true,4.40000000025611,true,181,930,0,0,181
1065,,5,8,true,4.50000000026193,true,181,930,0,0,181
1066,,5,8,true,4.60000000026776,true,181,930,0,0,181
1067,,5,8,true,4.70000000027358,true,181,930,0,0,181
1068,,5,8,true,4.8000000002794,true,181,930,0,0,181
1069,,5,8,true,4.90000000028522,true,181,930,0,0,181
1070,,5,8,true,5.00000000029104,true,181,930,0,0,181
